﻿<?xml version="1.0" encoding="utf-8" ?>
<fixedText>
  <record name="ヘッダーレコード">
    <item name="データ区分" length="1" padchar="0" fixedtext="1" recognition="true"/>
    <item name="種別コード" length="2" padchar="0" fixedtext="91"/>
    <item name="コード区分" length="1" padchar="0"/>
    <item name="委託者コード" length="10" padchar="0"/>
    <item name="委託者名" length="40" padchar="0"/>
    <item name="引落日" length="4" padchar="0"/>
    <item name="取引銀行番号" length="4" padchar="0"/>
    <item name="取引銀行名" length="15" padchar="0"/>
    <item name="取引支店番号" length="8" padchar="0"/>
    <item name="CRLF" length="2" padchar="0" fixedtext="\r\n"/>
  </record>
  <record name="データレコード">
    <item name="データ区分" length="1" padchar="0" fixedtext="2" recognition="true"/>
    <item name="種別コード" length="2" padchar="0" fixedtext="91"/>
    <item name="レコード区分" length="2" padchar="0"/>
    <item name="歳入徴収官コード" length="5" padchar="0"/>
    <item name="振替済件数" length="6" padchar="0"/>
    <item name="振替済金額" length="12" padchar="0"/>
    <item name="余白" length="52" padchar=" "/>
    <item name="CRLF" length="2" padchar="0" fixedtext="\r\n"/>
  </record>
  <record name="トレーラレコード">
    <item name="データ区分" length="1" padchar="0" fixedtext="8" recognition="true"/>
    <item name="依頼件数合計" length="6" padchar="0" />
    <item name="依頼金額合計" length="12" padchar="0"/>
    <item name="振替済件数合計" length="6" padchar="0"/>
    <item name="振替済金額合計" length="12" padchar="0"/>
    <item name="不能件数合計" length="6" padchar="0"/>
    <item name="不能金額合計" length="12" padchar="0"/>
    <item name="余白" length="25" padchar=" "/>
    <item name="CRLF" length="2" padchar="0" fixedtext="\r\n"/>
  </record>
  <record name="エンドレコード">
    <item name="データ区分" length="1" padchar="0" fixedtext="9" recognition="true"/>
    <item name="余白" length="79" padchar=" "/>
    <item name="CRLF" length="2" padchar="0" fixedtext="\r\n"/>
  </record>
</fixedText>
